"语句","状态码","模式","提取需求","推荐课程"
"周末想学安静的传统文化","200","规则模式","{""interest"":"""",""level"":""初级"",""time"":""周末"",""location"":"""",""lowIntensity"":true}","太极拳舒展；篆刻体验；剪纸体验"
"我想学书法，最好是初级","200","规则模式","{""interest"":""书法"",""level"":""初级"",""time"":"""",""location"":"""",""lowIntensity"":false}","书法入门；篆刻体验"
"周六上午有没有适合老年人的课","200","规则模式","{""interest"":"""",""level"":""初级"",""time"":""周末"",""location"":"""",""lowIntensity"":false}","剪纸体验；太极拳舒展；亲子绘本讲读"
"我喜欢唱歌，想参加集体课程","200","规则模式","{""interest"":""音乐"",""level"":""初级"",""time"":"""",""location"":"""",""lowIntensity"":false}","合唱基础；地方民歌欣赏；古琴文化入门"
"想了解内江的地方戏曲","200","规则模式","{""interest"":"""",""level"":""初级"",""time"":"""",""location"":"""",""lowIntensity"":false}","书法入门；合唱基础；川剧脸谱欣赏"
"想学剪纸，第一次参加","200","规则模式","{""interest"":""剪纸"",""level"":""初级"",""time"":"""",""location"":"""",""lowIntensity"":false}","剪纸体验"
"有没有强度低一点的运动课","200","规则模式","{""interest"":"""",""level"":""初级"",""time"":"""",""location"":"""",""lowIntensity"":false}","书法入门；合唱基础；川剧脸谱欣赏"
"我想学太极，最好在上午","200","规则模式","{""interest"":""太极"",""level"":""初级"",""time"":""上午"",""location"":"""",""lowIntensity"":false}","太极拳舒展"
"想学国画，不要太难","200","规则模式","{""interest"":""国画"",""level"":""初级"",""time"":"""",""location"":"""",""lowIntensity"":false}","国画花鸟"
"对古琴文化有兴趣","200","规则模式","{""interest"":""古琴"",""level"":""初级"",""time"":"""",""location"":"""",""lowIntensity"":false}","古琴文化入门"
"我想练习朗诵和表达","200","规则模式","{""interest"":""朗诵"",""level"":""初级"",""time"":"""",""location"":"""",""lowIntensity"":false}","普通话朗诵"
"周日想参加传统艺术课程","200","规则模式","{""interest"":"""",""level"":""初级"",""time"":""周末"",""location"":"""",""lowIntensity"":false}","剪纸体验；太极拳舒展；亲子绘本讲读"
"有适合和家人一起参加的课程吗","200","规则模式","{""interest"":"""",""level"":""初级"",""time"":"""",""location"":"""",""lowIntensity"":false}","书法入门；合唱基础；川剧脸谱欣赏"
"想学一种安静的绘画","200","规则模式","{""interest"":""国画"",""level"":""初级"",""time"":"""",""location"":"""",""lowIntensity"":true}","国画花鸟"
"我想听川剧脸谱的故事","200","规则模式","{""interest"":""川剧"",""level"":""初级"",""time"":"""",""location"":"""",""lowIntensity"":false}","川剧脸谱欣赏"
"有没有公益的音乐课","200","规则模式","{""interest"":""音乐"",""level"":""初级"",""time"":"""",""location"":"""",""lowIntensity"":false}","合唱基础；地方民歌欣赏；古琴文化入门"
"想学手机摄影","200","规则模式","{""interest"":""摄影"",""level"":""初级"",""time"":"""",""location"":"""",""lowIntensity"":false}","摄影与生活"
"我只有下午有时间","200","规则模式","{""interest"":"""",""level"":""初级"",""time"":""下午"",""location"":"""",""lowIntensity"":false}","合唱基础；太极拳舒展；普通话朗诵"
"想参加轻松一点的文化活动","200","规则模式","{""interest"":"""",""level"":""初级"",""time"":"""",""location"":"""",""lowIntensity"":true}","书法入门；川剧脸谱欣赏；太极拳舒展"
"我是初学者，想学毛笔字","200","规则模式","{""interest"":""书法"",""level"":""初级"",""time"":"""",""location"":"""",""lowIntensity"":false}","书法入门；篆刻体验"
"有没有适合退休人员的课程","200","规则模式","{""interest"":"""",""level"":""初级"",""time"":"""",""location"":"""",""lowIntensity"":false}","书法入门；合唱基础；川剧脸谱欣赏"
"想了解四川民歌","200","规则模式","{""interest"":""民歌"",""level"":""初级"",""time"":"""",""location"":"""",""lowIntensity"":false}","地方民歌欣赏"
"想做一幅简单的手工作品","200","规则模式","{""interest"":""剪纸"",""level"":""初级"",""time"":"""",""location"":"""",""lowIntensity"":false}","剪纸体验"
"想找文化馆的周末课程","200","规则模式","{""interest"":"""",""level"":""初级"",""time"":""周末"",""location"":"""",""lowIntensity"":false}","剪纸体验；太极拳舒展；亲子绘本讲读"
"我不想参加运动，想听讲座","200","规则模式","{""interest"":"""",""level"":""初级"",""time"":"""",""location"":"""",""lowIntensity"":false}","书法入门；合唱基础；川剧脸谱欣赏"
"想学篆刻但完全没有基础","200","规则模式","{""interest"":""篆刻"",""level"":""初级"",""time"":"""",""location"":"""",""lowIntensity"":false}","篆刻体验"
"有没有适合亲子的传统节日活动","200","规则模式","{""interest"":"""",""level"":""初级"",""time"":"""",""location"":"""",""lowIntensity"":false}","书法入门；合唱基础；川剧脸谱欣赏"
"我喜欢安静，想学国画或书法","200","规则模式","{""interest"":""书法"",""level"":""初级"",""time"":"""",""location"":"""",""lowIntensity"":true}","书法入门；篆刻体验"
"想学唱歌但不想要高强度训练","200","规则模式","{""interest"":""音乐"",""level"":""初级"",""time"":"""",""location"":"""",""lowIntensity"":false}","合唱基础；地方民歌欣赏；古琴文化入门"
"周三下午想找课程","200","规则模式","{""interest"":"""",""level"":""初级"",""time"":""下午"",""location"":"""",""lowIntensity"":false}","合唱基础；太极拳舒展；普通话朗诵"
"想参加非遗相关的课程","200","规则模式","{""interest"":"""",""level"":""初级"",""time"":"""",""location"":"""",""lowIntensity"":false}","书法入门；合唱基础；川剧脸谱欣赏"
"想学一种能认识朋友的课程","200","规则模式","{""interest"":"""",""level"":""初级"",""time"":"""",""location"":"""",""lowIntensity"":false}","书法入门；合唱基础；川剧脸谱欣赏"
"预算为零，推荐公益课程","200","规则模式","{""interest"":"""",""level"":""初级"",""time"":"""",""location"":"""",""lowIntensity"":false}","书法入门；合唱基础；川剧脸谱欣赏"
"想拍内江的文化生活","200","规则模式","{""interest"":"""",""level"":""初级"",""time"":"""",""location"":"""",""lowIntensity"":false}","书法入门；合唱基础；川剧脸谱欣赏"
"想了解传统音乐","200","规则模式","{""interest"":""音乐"",""level"":""初级"",""time"":"""",""location"":"""",""lowIntensity"":false}","合唱基础；地方民歌欣赏；古琴文化入门"
"想参加两个小时以内的课程","200","规则模式","{""interest"":"""",""level"":""初级"",""time"":"""",""location"":"""",""lowIntensity"":false}","书法入门；合唱基础；川剧脸谱欣赏"
"有没有给老人准备的大字课程介绍","200","规则模式","{""interest"":"""",""level"":""初级"",""time"":"""",""location"":"""",""lowIntensity"":false}","书法入门；合唱基础；川剧脸谱欣赏"
"想先听课，不想马上报名","200","规则模式","{""interest"":"""",""level"":""初级"",""time"":"""",""location"":"""",""lowIntensity"":false}","书法入门；合唱基础；川剧脸谱欣赏"
"我有书法基础，想提高一下","200","规则模式","{""interest"":""书法"",""level"":""进阶"",""time"":"""",""location"":"""",""lowIntensity"":false}","书法入门；篆刻体验"
"想找地点方便、节奏慢的课程","200","规则模式","{""interest"":"""",""level"":""初级"",""time"":"""",""location"":"""",""lowIntensity"":false}","书法入门；合唱基础；川剧脸谱欣赏"